<?xml version="1.0" encoding="utf-8"?>
<eml:eml xmlns:eml="eml://ecoinformatics.org/eml-2.1.1" xmlns:xsi="http://www.w3.org/2001/XMLSchema-instance"
         xsi:schemaLocation="eml://ecoinformatics.org/eml-2.1.1 http://rs.gbif.org/schema/eml-gbif-profile/1.1/eml.xsd"
        packageId="0ceb2c40-4134-482f-9d19-15560e3f1a97"  system="http://gbif.org" scope="system"
  xml:lang="en">

<dataset>
      <alternateIdentifier>10.15468/gwji3b</alternateIdentifier>
        <alternateIdentifier>0ceb2c40-4134-482f-9d19-15560e3f1a97</alternateIdentifier>
        <alternateIdentifier>https://collections.ala.org.au/public/show/dr10631</alternateIdentifier>
        <alternateIdentifier>b49bb918-0fd7-3c25-9cab-aaa28f786a88</alternateIdentifier>
    <title>Geelong Field Naturalists Club</title>
    <creator>
<organizationName>Geelong Field Naturalists Club</organizationName>    </creator>
    <metadataProvider>
<organizationName>Geelong Field Naturalists Club</organizationName>    </metadataProvider>
    <associatedParty>
<organizationName>Atlas of Living Australia</organizationName>    <address>
<deliveryPoint>CSIRO Ecosystems Services</deliveryPoint><city>Canberra</city><administrativeArea>ACT</administrativeArea><postalCode>2601</postalCode><country>AUSTRALIA</country>    </address>
    <role>DISTRIBUTOR</role>
    </associatedParty>
      <pubDate>
      2021-04-23
      </pubDate>
    <language>ENGLISH</language>
    <abstract>
        <para>A website listing a description of activities and hosting their bulletin. Contains some bird, plants, mammals and frog sightings and observations with some photos attached.

Geelong flora and fauna.</para>
    </abstract>
      <intellectualRights>
        <para>This work is licensed under a <ulink url="http://creativecommons.org/licenses/by/4.0/legalcode"><citetitle>Creative Commons Attribution (CC-BY) 4.0 License</citetitle></ulink>.</para>
      </intellectualRights>
      <distribution scope="document">
          <online>
              <url function="information">https://collections.ala.org.au/public/show/dr10631</url>
          </online>
      </distribution>
      <contact>
    <individualName>
<givenName>Margaret</givenName>          <surName>Alcorn</surName>
    </individualName>
<positionName>editor</positionName><electronicMailAddress>marg.alcorn@gmail.com</electronicMailAddress>      </contact>
      <methods>
      </methods>

</dataset>

<additionalMetadata>
    <metadata>
      <gbif>
        <dateStamp>2022-02-23T05:24:39Z</dateStamp>
      <citation>Atlas of Living Australia (2021). Geelong Field Naturalists Club. Occurrence dataset https://doi.org/10.15468/gwji3b accessed via GBIF.org on 2022-02-23.</citation>
      </gbif>
    </metadata>
</additionalMetadata>

</eml:eml>
