<?xml version="1.0" encoding="utf-8"?>
<eml:eml xmlns:eml="eml://ecoinformatics.org/eml-2.1.1" xmlns:xsi="http://www.w3.org/2001/XMLSchema-instance"
         xsi:schemaLocation="eml://ecoinformatics.org/eml-2.1.1 http://rs.gbif.org/schema/eml-gbif-profile/1.1/eml.xsd"
        packageId="395dfaad-8b0d-47e2-a2ea-bf8a3fd5c10c"  system="http://gbif.org" scope="system"
  xml:lang="en">

<dataset>
      <alternateIdentifier>10.15468/pkbyxy</alternateIdentifier>
        <alternateIdentifier>395dfaad-8b0d-47e2-a2ea-bf8a3fd5c10c</alternateIdentifier>
        <alternateIdentifier>http://ipt.vertnet.org:8080/ipt/resource?r=utep_herp</alternateIdentifier>
    <title>UTEP Herpetology (Arctos)</title>
    <creator>
    <individualName>
<givenName>Vicky</givenName>          <surName>Zhuang</surName>
    </individualName>
<organizationName>University of Texas at El Paso</organizationName><positionName>Manager, UTEP Biodiversity Collections</positionName>    <address>
<deliveryPoint>500 West University Avenue, Biology Bldg. #222</deliveryPoint><city>El Paso</city><administrativeArea>TX</administrativeArea><postalCode>79968</postalCode><country>UNITED_STATES</country>    </address>
<phone>+01 915-747-5479</phone><electronicMailAddress>mzhuang@utep.edu</electronicMailAddress><onlineUrl>https://www.utep.edu/biodiversity/collections/herpetology.html</onlineUrl>    </creator>
    <metadataProvider>
    <individualName>
<givenName>Vicky</givenName>          <surName>Zhuang</surName>
    </individualName>
<organizationName>University of Texas at El Paso</organizationName><positionName>Manager, UTEP Biodiversity Collections</positionName>    <address>
<deliveryPoint>500 West University Avenue, Biology Bldg. #222</deliveryPoint><city>El Paso</city><administrativeArea>TX</administrativeArea><postalCode>79968</postalCode><country>UNITED_STATES</country>    </address>
<phone>+01 915-747-5479</phone><electronicMailAddress>mzhuang@utep.edu</electronicMailAddress><onlineUrl>https://www.utep.edu/biodiversity/collections/herpetology.html</onlineUrl>    </metadataProvider>
    <associatedParty>
    <individualName>
<givenName>David</givenName>          <surName>Bloom</surName>
    </individualName>
<organizationName>VertNet</organizationName><positionName>Coordinator</positionName><electronicMailAddress>dbloom@vertnet.org</electronicMailAddress><onlineUrl>http://www.vertnet.org</onlineUrl>    <role>PROGRAMMER</role>
    </associatedParty>
    <associatedParty>
    <individualName>
<givenName>John</givenName>          <surName>Wieczorek</surName>
    </individualName>
<organizationName>Museum of Vertebrate Zoology at UC Berkeley</organizationName><positionName>Information Architect</positionName><electronicMailAddress>tuco@berkeley.edu</electronicMailAddress>    <role>PROGRAMMER</role>
    </associatedParty>
    <associatedParty>
    <individualName>
<givenName>Dusty</givenName>          <surName>McDonald</surName>
    </individualName>
<organizationName>University of Alaska Museum</organizationName><positionName>Arctos Database Programmer</positionName><electronicMailAddress>dlmcdonald@alaska.edu</electronicMailAddress><onlineUrl>http://arctos.database.museum</onlineUrl>    <role>POINT_OF_CONTACT</role>
    </associatedParty>
    <associatedParty>
    <individualName>
<givenName>Eli</givenName>          <surName>Greenbaum</surName>
    </individualName>
<organizationName>University of Texas at El Paso</organizationName><positionName>Director of the UTEP Biodiversity Colelctions and Co-Curator of the Amphibian and Reptile Collection</positionName>    <address>
<deliveryPoint>500 W. University Avenue</deliveryPoint><city>El Paso</city><administrativeArea>Texas</administrativeArea><postalCode>79968-0519</postalCode><country>UNITED_STATES</country>    </address>
<phone>+01 915-747-5553</phone><electronicMailAddress>egreenbaum2@utep.edu</electronicMailAddress><onlineUrl>https://www.utep.edu/biodiversity/</onlineUrl>    <role>POINT_OF_CONTACT</role>
    </associatedParty>
    <associatedParty>
    <individualName>
<givenName>Carl</givenName>          <surName>Lieb</surName>
    </individualName>
<organizationName>University of Texas at El Paso</organizationName><positionName>Co-Curator of the Amphibian and Reptile Collections</positionName>    <address>
<deliveryPoint>500 West University Avenue, Biology Bldg. #209</deliveryPoint><city>El Paso</city><administrativeArea>TX</administrativeArea><postalCode>79968</postalCode><country>UNITED_STATES</country>    </address>
<phone>+01 915-747-5479</phone><electronicMailAddress>clieb@utep.edu</electronicMailAddress><onlineUrl>https://www.utep.edu/biodiversity/</onlineUrl>    <role>POINT_OF_CONTACT</role>
    </associatedParty>
    <associatedParty>
    <individualName>
<givenName>Jerry</givenName>          <surName>Johnson</surName>
    </individualName>
<organizationName>University of Texas at El Paso</organizationName><positionName>Co-Curator of Amphibian and Reptile Collections</positionName>    <address>
<deliveryPoint>500 West University Avenue, Biology Bldg. #222</deliveryPoint><city>El Paso</city><administrativeArea>TX</administrativeArea><postalCode>79968</postalCode><country>UNITED_STATES</country>    </address>
<electronicMailAddress>jjohnson@utep.du</electronicMailAddress><onlineUrl>https://www.utep.edu/biodiversity/</onlineUrl>    <role>POINT_OF_CONTACT</role>
    </associatedParty>
      <pubDate>
      2022-02-22
      </pubDate>
    <language>ENGLISH</language>
    <abstract>
        <para>University of Texas at El Paso Biodiversity Collections (UTEP) - Herpetology</para>
    </abstract>
        <keywordSet>
              <keyword>Occurrence</keyword>
              <keywordThesaurus>GBIF Dataset Type Vocabulary: http://rs.gbif.org/vocabulary/gbif/dataset_type.xml</keywordThesaurus>
        </keywordSet>
        <keywordSet>
              <keyword>Specimen</keyword>
              <keywordThesaurus>GBIF Dataset Subtype Vocabulary: http://rs.gbif.org/vocabulary/gbif/dataset_subtype.xml</keywordThesaurus>
        </keywordSet>
        <keywordSet>
              <keyword>Occurrence</keyword>
              <keywordThesaurus>GBIF Dataset Type Vocabulary: http://rs.gbif.org/vocabulary/gbif/dataset_type_2015-07-10.xml</keywordThesaurus>
        </keywordSet>
      <intellectualRights>
        <para>To the extent possible under law, the publisher has waived all rights to these data and has dedicated them to the <ulink url="http://creativecommons.org/publicdomain/zero/1.0/legalcode"><citetitle>Public Domain (CC0 1.0)</citetitle></ulink>. Users may copy, modify, distribute and use the work, including for commercial purposes, without restriction.</para>
      </intellectualRights>
      <distribution scope="document">
          <online>
              <url function="information">http://www.utep.edu/leb/collect/herp/herpdata.htm</url>
          </online>
      </distribution>
      <coverage>
            <geographicCoverage>
                  <geographicDescription>The collections have a regional emphasis, but also contain material from outside the Southwest US, particularly from Mexico and the Democratic Republic of the Congo.</geographicDescription>
                  <boundingCoordinates>
                      <westBoundingCoordinate>-123.91</westBoundingCoordinate>
                      <eastBoundingCoordinate>166.781</eastBoundingCoordinate>
                      <northBoundingCoordinate>52.824</northBoundingCoordinate>
                      <southBoundingCoordinate>-10.902</southBoundingCoordinate>
                  </boundingCoordinates>
            </geographicCoverage>
              <taxonomicCoverage>
                    <taxonomicClassification>
                          <taxonRankName>Class</taxonRankName>
                        <taxonRankValue>Amphibia</taxonRankValue>
                    </taxonomicClassification>
                    <taxonomicClassification>
                          <taxonRankName>Class</taxonRankName>
                        <taxonRankValue>Reptilia</taxonRankValue>
                    </taxonomicClassification>
              </taxonomicCoverage>
      </coverage>
      <maintenance>
          <description>
              <para></para>
          </description>
          <maintenanceUpdateFrequency>monthly</maintenanceUpdateFrequency>
      </maintenance>
      <contact>
    <individualName>
<givenName>Vicky</givenName>          <surName>Zhuang</surName>
    </individualName>
<organizationName>University of Texas at El Paso</organizationName><positionName>Manager, UTEP Biodiversity Collections</positionName>    <address>
<deliveryPoint>500 West University Avenue, Biology Bldg. #222</deliveryPoint><city>El Paso</city><administrativeArea>TX</administrativeArea><postalCode>79968</postalCode><country>UNITED_STATES</country>    </address>
<phone>+01 915-747-5479</phone><electronicMailAddress>mzhuang@utep.edu</electronicMailAddress><onlineUrl>https://www.utep.edu/biodiversity/collections/herpetology.html</onlineUrl>      </contact>

</dataset>

<additionalMetadata>
    <metadata>
      <gbif>
        <dateStamp>2022-02-23T05:24:36Z</dateStamp>
      <citation>Zhuang V (2022). UTEP Herpetology (Arctos). Version 1.33. University of Texas at El Paso Biodiversity Collections. Occurrence dataset https://doi.org/10.15468/pkbyxy accessed via GBIF.org on 2022-02-23.</citation>
      </gbif>
    </metadata>
</additionalMetadata>

</eml:eml>
