<?xml version="1.0" encoding="utf-8"?>
<eml:eml xmlns:eml="eml://ecoinformatics.org/eml-2.1.1" xmlns:xsi="http://www.w3.org/2001/XMLSchema-instance"
         xsi:schemaLocation="eml://ecoinformatics.org/eml-2.1.1 http://rs.gbif.org/schema/eml-gbif-profile/1.1/eml.xsd"
        packageId="47c9fee2-619a-481c-a114-386bc4748256"  system="http://gbif.org" scope="system"
  xml:lang="en">

<dataset>
      <alternateIdentifier>10.15468/wazqft</alternateIdentifier>
        <alternateIdentifier>https://collections.ala.org.au/public/show/dr14760</alternateIdentifier>
        <alternateIdentifier>bb569f1f-df0b-3620-be00-28ba993db035</alternateIdentifier>
        <alternateIdentifier>47c9fee2-619a-481c-a114-386bc4748256</alternateIdentifier>
        <alternateIdentifier>http://ipt.pensoft.net/resource?r=frogid_dataset</alternateIdentifier>
    <title>FrogID</title>
    <creator>
<organizationName>FrogID</organizationName>    </creator>
    <metadataProvider>
<organizationName>FrogID</organizationName>    </metadataProvider>
    <associatedParty>
<organizationName>Atlas of Living Australia</organizationName>    <address>
<deliveryPoint>CSIRO Ecosystems Services</deliveryPoint><city>Canberra</city><administrativeArea>ACT</administrativeArea><postalCode>2601</postalCode><country>AUSTRALIA</country>    </address>
    <role>DISTRIBUTOR</role>
    </associatedParty>
      <pubDate>
      2022-02-09
      </pubDate>
    <language>ENGLISH</language>
    <abstract>
        <para>This dataset represents expert-validated occurrence records of calling frogs across Australia collected via the national citizen science project FrogID (https://www.frogid.net.au). FrogID relies on participants recording calling frogs using smartphone technology, after which point the frogs are identified by expert validators, resulting in a database of georeferenced frog species records. 272,000 records of 204 species, 83% of the known frog species in Australia. This is the third installment of the dataset, and we anticipate providing updated datasets on an annual basis. For a more detailed overview of the methodology and design aspects see Rowley et al. (2019), and for metadata associated with this dataset, see Rowley &amp;amp; Callaghan (2020), available at https://www.frogid.net.au/science. The data paper https://doi.org/10.3897/zookeys.912.38253 reference the dataset version 1.6 available here https://doi.org/10.5281/zenodo.3612700 and here: https://ipt.pensoft.net/resource?r&amp;#61;frogid_dataset&amp;amp;v&amp;#61;1.6</para>
    </abstract>
      <intellectualRights>
        <para>This work is licensed under a <ulink url="http://creativecommons.org/licenses/by-nc/4.0/legalcode"><citetitle>Creative Commons Attribution Non Commercial (CC-BY-NC) 4.0 License</citetitle></ulink>.</para>
      </intellectualRights>
      <distribution scope="document">
          <online>
              <url function="information">https://collections.ala.org.au/public/show/dr14760</url>
          </online>
      </distribution>
      <contact>
<organizationName>Atlas of Living Australia</organizationName>    <address>
<deliveryPoint>CSIRO Ecosystems Services</deliveryPoint><city>Canberra</city><administrativeArea>ACT</administrativeArea><postalCode>2601</postalCode><country>AUSTRALIA</country>    </address>
      </contact>
      <methods>
      </methods>

</dataset>

<additionalMetadata>
    <metadata>
      <gbif>
        <dateStamp>2022-02-23T05:24:43Z</dateStamp>
      <citation>Australian Museum (2022). FrogID. Occurrence dataset https://doi.org/10.15468/wazqft accessed via GBIF.org on 2022-02-23.</citation>
              <resourceLogoUrl>https://collections.ala.org.au/data/dataResource/FrogID-logo-RGB-sm.jpg</resourceLogoUrl>
      </gbif>
    </metadata>
</additionalMetadata>

</eml:eml>
