<?xml version="1.0" encoding="utf-8"?>
<eml:eml xmlns:eml="eml://ecoinformatics.org/eml-2.1.1" xmlns:xsi="http://www.w3.org/2001/XMLSchema-instance"
         xsi:schemaLocation="eml://ecoinformatics.org/eml-2.1.1 http://rs.gbif.org/schema/eml-gbif-profile/1.1/eml.xsd"
        packageId="4aaea622-6d97-44e9-841f-f7733df3008e"  system="http://gbif.org" scope="system"
  xml:lang="en">

<dataset>
      <alternateIdentifier>10.15468/3du34x</alternateIdentifier>
        <alternateIdentifier>https://biodiversidad.gt/portal/collections/misc/collprofiles.php?collid=3</alternateIdentifier>
        <alternateIdentifier>https://serv.biokic.asu.edu/guatemala/portal/collections/misc/collprofiles.php?collid=3</alternateIdentifier>
    <title>Universidad del Valle de Guatemala - Colecciones Biológicas - Anfibios</title>
    <creator>
<organizationName>Biodiversidad de Guatemala</organizationName><electronicMailAddress>egbot@asu.edu</electronicMailAddress><onlineUrl>https://biodiversidad.gt/portal/index.php</onlineUrl>    </creator>
    <metadataProvider>
<organizationName>Biodiversidad de Guatemala</organizationName><electronicMailAddress>egbot@asu.edu</electronicMailAddress><onlineUrl>https://biodiversidad.gt/portal/index.php</onlineUrl>    </metadataProvider>
    <associatedParty>
    <individualName>
<givenName>Zabdi Moises</givenName>          <surName>Lopez Urizar</surName>
    </individualName>
<positionName>Curator</positionName><electronicMailAddress>zmlopez@uvg.edu.gt</electronicMailAddress>      <userId directory="https://orcid.org/">0000-0003-0449-7352</userId>
    <role>CONTENT_PROVIDER</role>
    </associatedParty>
      <pubDate>
      2022-02-16
      </pubDate>
    <language>ENGLISH</language>
    <abstract>
        <para>The Reference Collection at Del Valle University contains a wide range of specimens from Guatemala; making it one of the largest collections in Central America. It was established in 1976 and has been developed by various scientists, students, and collaborators since then. The Collection has been broadly used for research purposes and academic uses helping not only local but also international researchers. Physical address: 18 Avenida 11-95 zona 15, Vista Hermosa III. Guatemala, Guatemala.</para>
    </abstract>
      <intellectualRights>
        <para>This work is licensed under a <ulink url="http://creativecommons.org/licenses/by-nc/4.0/legalcode"><citetitle>Creative Commons Attribution Non Commercial (CC-BY-NC) 4.0 License</citetitle></ulink>.</para>
      </intellectualRights>
      <contact>
<organizationName>Universidad del Valle de Guatemala - Colecciones Biológicas - Anfibios</organizationName><phone>(+502) 2507-1500</phone><electronicMailAddress>zmlopez@uvg.edu.gt</electronicMailAddress><onlineUrl>http://www.uvg.edu.gt</onlineUrl>      <userId directory="https://orcid.org/">0000-0003-0449-7352</userId>
      </contact>

</dataset>

<additionalMetadata>
    <metadata>
      <gbif>
        <dateStamp>2022-02-23T05:24:39Z</dateStamp>
      <citation>Universidad del Valle de Guatemala (2022). Universidad del Valle de Guatemala - Colecciones Biológicas - Anfibios. Occurrence dataset https://doi.org/10.15468/3du34x accessed via GBIF.org on 2022-02-23.</citation>
      </gbif>
    </metadata>
</additionalMetadata>

</eml:eml>
