<?xml version="1.0" encoding="utf-8"?>
<eml:eml xmlns:eml="eml://ecoinformatics.org/eml-2.1.1" xmlns:xsi="http://www.w3.org/2001/XMLSchema-instance"
         xsi:schemaLocation="eml://ecoinformatics.org/eml-2.1.1 http://rs.gbif.org/schema/eml-gbif-profile/1.1/eml.xsd"
        packageId="7b11366b-e966-4b74-b414-0313bdf358fe"  system="http://gbif.org" scope="system"
  xml:lang="es">

<dataset>
      <alternateIdentifier>10.15472/ssi098</alternateIdentifier>
        <alternateIdentifier>7b11366b-e966-4b74-b414-0313bdf358fe</alternateIdentifier>
        <alternateIdentifier>https://ipt.biodiversidad.co/sib/resource?r=ucaldas_mhn_anfibios</alternateIdentifier>
    <title>Museo de Historia Natural Universidad de Caldas - Colección de Vertebrados e Invertebrados - Anfibios</title>
    <creator>
    <individualName>
<givenName>Paul David Alfonso</givenName>          <surName>Gutiérrez Cárdenas</surName>
    </individualName>
<organizationName>Universidad De Caldas</organizationName><positionName>Curador y profesor</positionName>    <address>
<deliveryPoint>Calle 65 No. 26-10</deliveryPoint><city>Manizales</city><administrativeArea>Caldas</administrativeArea><postalCode>170000</postalCode><country>COLOMBIA</country>    </address>
<phone>3217645192</phone><electronicMailAddress>paul.gutierrez@ucaldas.edu.co</electronicMailAddress><onlineUrl>https://www.ucaldas.edu.co/portal/tag/coleccion-de-historia-natural/</onlineUrl>      <userId directory="http://orcid.org/">0000-0001-8219-0108</userId>
    </creator>
    <creator>
    <individualName>
<givenName>Viviana Andrea</givenName>          <surName>Ramírez Castaño</surName>
    </individualName>
<organizationName>Universidad de Caldas</organizationName><positionName>Curador y profesor</positionName>    <address>
<deliveryPoint>Calle 65 No. 26-10</deliveryPoint><city>Manizales</city><administrativeArea>Caldas</administrativeArea><postalCode>170000</postalCode><country>COLOMBIA</country>    </address>
<phone>3147910736</phone><electronicMailAddress>viviana.ramirez@ucaldas.edu.co</electronicMailAddress><onlineUrl>https://www.ucaldas.edu.co/portal/tag/coleccion-de-historia-natural/</onlineUrl>    </creator>
    <creator>
    <individualName>
<givenName>Vanessa</givenName>          <surName>Serna Botero</surName>
    </individualName>
<organizationName>Universidad de Caldas</organizationName><positionName>Curador</positionName>    <address>
<deliveryPoint>Calle 65 No. 26-10</deliveryPoint><city>Manizales</city><administrativeArea>Caldas</administrativeArea><postalCode>170000</postalCode><country>COLOMBIA</country>    </address>
<electronicMailAddress>bio.sernabotero@gmail.com</electronicMailAddress><onlineUrl>https://www.ucaldas.edu.co/portal/tag/coleccion-de-historia-natural/</onlineUrl>    </creator>
    <creator>
    <individualName>
<givenName>Carlos Alberto</givenName>          <surName>Moreno Mena</surName>
    </individualName>
<organizationName>Universidad de Caldas</organizationName><positionName>Estudiante -auxiliar curaduría</positionName>    <address>
<deliveryPoint>Calle 65 No. 26-10</deliveryPoint><city>Manizales</city><administrativeArea>Caldas</administrativeArea><postalCode>170000</postalCode><country>COLOMBIA</country>    </address>
<electronicMailAddress>carlos.1711411274@ucaldas.edu.co</electronicMailAddress><onlineUrl>https://www.ucaldas.edu.co/portal/tag/coleccion-de-historia-natural/</onlineUrl>    </creator>
    <creator>
    <individualName>
<givenName>Luis Santiago</givenName>          <surName>Caicedo Martínez</surName>
    </individualName>
<organizationName>Universidad de Caldas</organizationName><positionName>Estudiante -auxiliar de curaduría</positionName>    <address>
<deliveryPoint>Calle 65 No. 26-10</deliveryPoint><city>Manizales</city><administrativeArea>Caldas</administrativeArea><postalCode>170000</postalCode><country>COLOMBIA</country>    </address>
<electronicMailAddress>luis.1711411610@ucaldas.edu.co</electronicMailAddress><onlineUrl>https://www.ucaldas.edu.co/portal/tag/coleccion-de-historia-natural/</onlineUrl>    </creator>
    <creator>
    <individualName>
<givenName>Jhoana Alejandra</givenName>          <surName>Santana Londoño</surName>
    </individualName>
<organizationName>Universidad de Caldas</organizationName><positionName>Estudiante -auxiliar de curaduría</positionName>    <address>
<deliveryPoint>Calle 65 No. 26-10</deliveryPoint><city>Manizales</city><administrativeArea>Caldas</administrativeArea><postalCode>170000</postalCode><country>COLOMBIA</country>    </address>
<electronicMailAddress>jhoana.1711422188@ucaldas.edu.co</electronicMailAddress><onlineUrl>https://www.ucaldas.edu.co/portal/tag/coleccion-de-historia-natural/</onlineUrl>    </creator>
    <metadataProvider>
    <individualName>
<givenName>Paul David Alfonso</givenName>          <surName>Gutiérrez Cárdenas</surName>
    </individualName>
<organizationName>Universidad De Caldas</organizationName><positionName>Curador y profesor</positionName>    <address>
<deliveryPoint>Calle 65 No. 26-10</deliveryPoint><city>Manizales</city><administrativeArea>Caldas</administrativeArea><postalCode>170000</postalCode><country>COLOMBIA</country>    </address>
<phone>3217645192</phone><electronicMailAddress>paul.gutierrez@ucaldas.edu.co</electronicMailAddress><onlineUrl>https://www.ucaldas.edu.co/portal/tag/coleccion-de-historia-natural/</onlineUrl>      <userId directory="http://orcid.org/">0000-0001-8219-0108</userId>
    </metadataProvider>
    <associatedParty>
    <individualName>
<givenName>Paul David Alfonso</givenName>          <surName>Gutiérrez Cárdenas</surName>
    </individualName>
<organizationName>Universidad De Caldas</organizationName><positionName>Curador y Profesor</positionName>    <address>
<deliveryPoint>Calle 65 No. 26-10</deliveryPoint><city>Manizales</city><administrativeArea>Caldas</administrativeArea><postalCode>170000</postalCode><country>COLOMBIA</country>    </address>
<phone>3217645192</phone><electronicMailAddress>paul.gutierrez@ucaldas.edu.co</electronicMailAddress><onlineUrl>https://www.ucaldas.edu.co/portal/tag/coleccion-de-historia-natural/</onlineUrl>      <userId directory="http://orcid.org/">0000-0001-8219-0108</userId>
    <role>CURATOR</role>
    </associatedParty>
    <associatedParty>
    <individualName>
<givenName>Viviana Andrea</givenName>          <surName>Ramírez Castaño</surName>
    </individualName>
<organizationName>Universidad De Caldas</organizationName><positionName>Curadora y profesora</positionName>    <address>
<deliveryPoint>Calle 65 No. 26-10</deliveryPoint><city>Manizales</city><administrativeArea>Caldas</administrativeArea><postalCode>170000</postalCode><country>COLOMBIA</country>    </address>
<phone>3147910736</phone><electronicMailAddress>viviana.ramirez@ucaldas.edu.co</electronicMailAddress><onlineUrl>https://www.ucaldas.edu.co/portal/tag/coleccion-de-historia-natural/</onlineUrl>      <userId directory="https://scholar.google.com/citations?user=">3XV9lrcAAAAJ&amp;hl=es</userId>
    <role>CURATOR</role>
    </associatedParty>
    <associatedParty>
    <individualName>
<givenName>Vanessa</givenName>          <surName>Serna Botero</surName>
    </individualName>
<organizationName>Universidad De Caldas</organizationName><positionName>Curadora</positionName>    <address>
<deliveryPoint>Calle 65 No. 26-10</deliveryPoint><city>Manizales</city><administrativeArea>Caldas</administrativeArea><postalCode>170000</postalCode><country>COLOMBIA</country>    </address>
<phone>3104232101</phone><electronicMailAddress>vane.s_07@hotmail.com</electronicMailAddress><onlineUrl>https://www.ucaldas.edu.co/portal/tag/coleccion-de-historia-natural/</onlineUrl>    <role>CURATOR</role>
    </associatedParty>
    <associatedParty>
    <individualName>
<givenName>Isabel Cristina</givenName>          <surName>Hernández Cortes</surName>
    </individualName>
<organizationName>Universidad De Caldas</organizationName><positionName>Sistematizadora</positionName>    <address>
<deliveryPoint>Calle 65 No. 26-10</deliveryPoint><city>Manizales</city><administrativeArea>Caldas</administrativeArea><postalCode>170000</postalCode><country>COLOMBIA</country>    </address>
<phone>3218267749</phone><electronicMailAddress>isabel.1711222177@ucaldas.edu.co</electronicMailAddress><onlineUrl>https://www.ucaldas.edu.co/portal/tag/coleccion-de-historia-natural/</onlineUrl>    <role>PROCESSOR</role>
    </associatedParty>
    <associatedParty>
    <individualName>
<givenName>Andrés Miguel</givenName>          <surName>Betancourth Restrepo</surName>
    </individualName>
<organizationName>Universidad De Caldas</organizationName><positionName>Sistematizador</positionName>    <address>
<deliveryPoint>Calle 65 No. 26-10</deliveryPoint><city>Manizales</city><administrativeArea>Caldas</administrativeArea><postalCode>170000</postalCode><country>COLOMBIA</country>    </address>
<phone>3226346211</phone><electronicMailAddress>andresmiguel.b.r@gmail.com</electronicMailAddress><onlineUrl>https://www.ucaldas.edu.co/portal/tag/coleccion-de-historia-natural/</onlineUrl>      <userId directory="http://orcid.org/">0000-0002-5312-4723</userId>
    <role>PROCESSOR</role>
    </associatedParty>
      <pubDate>
      2021-02-23
      </pubDate>
    <language>SPANISH</language>
    <abstract>
        <para>Colección de especímenes de anfibios colectados a nivel nacional, particularmente del departamento de Caldas, como producto de proyectos de investigación de docentes y estudiantes de diferentes universidades, actividades de docencia y proyectos de consultorías ambientales realizadas por empresas externas. Los cuales se encuentran preservados en frascos con alcohol al 70%.</para>
    </abstract>
        <keywordSet>
              <keyword>Occurrence</keyword>
              <keywordThesaurus>GBIF Dataset Type Vocabulary: http://rs.gbif.org/vocabulary/gbif/dataset_type.xml</keywordThesaurus>
        </keywordSet>
        <keywordSet>
              <keyword>Specimen</keyword>
              <keywordThesaurus>GBIF Dataset Subtype Vocabulary: http://rs.gbif.org/vocabulary/gbif/dataset_subtype.xml</keywordThesaurus>
        </keywordSet>
        <keywordSet>
              <keyword>Ranas</keyword>
              <keyword>Colombia</keyword>
              <keyword>Bufonidae</keyword>
              <keyword>Salamandras</keyword>
              <keyword>Plethodontidae</keyword>
              <keyword>Hylidae</keyword>
              <keyword>Anfibios</keyword>
              <keyword>Caudata</keyword>
              <keyword>Ocurrencia</keyword>
              <keyword>Gymnophiona</keyword>
              <keyword>Anura</keyword>
              <keyword>Craugastoridae</keyword>
              <keyword>Leptodactylidae</keyword>
              <keyword>Zona Andina</keyword>
              <keyword>Caldas</keyword>
              <keyword>Cecilias</keyword>
              <keyword>Caeciliidae</keyword>
              <keyword>Centronelidae</keyword>
              <keywordThesaurus>na</keywordThesaurus>
        </keywordSet>
      <intellectualRights>
        <para>This work is licensed under a <ulink url="http://creativecommons.org/licenses/by-nc/4.0/legalcode"><citetitle>Creative Commons Attribution Non Commercial (CC-BY-NC) 4.0 License</citetitle></ulink>.</para>
      </intellectualRights>
      <coverage>
            <geographicCoverage>
                  <geographicDescription>La colección de anfibios cuenta con ejemplares distribuidos a nivel nacional, especialmente de la zona Andina, departamentos de Antioquia, Boyacá, Caldas, Quindío, Risaralda y Valle del Cauca.</geographicDescription>
                  <boundingCoordinates>
                      <westBoundingCoordinate>-80.332</westBoundingCoordinate>
                      <eastBoundingCoordinate>-66.445</eastBoundingCoordinate>
                      <northBoundingCoordinate>14.605</northBoundingCoordinate>
                      <southBoundingCoordinate>-4.741</southBoundingCoordinate>
                  </boundingCoordinates>
            </geographicCoverage>
          <temporalCoverage>
            <rangeOfDates>
              <beginDate>
                <calendarDate>      1992-07-01
</calendarDate>
              </beginDate>
              <endDate>
                <calendarDate>      2018-05-26
</calendarDate>
              </endDate>
            </rangeOfDates>
          </temporalCoverage>
              <taxonomicCoverage>
                    <generalTaxonomicCoverage>Colección de anfibios presentes en el Museo de Historia Natural de la Universidad de Caldas, en la cual todos los especímenes han sido identificados hasta especie (muy pocos hasta género). Hay unos taxones al nivel de familia y género que son los más comunes</generalTaxonomicCoverage>
                    <taxonomicClassification>
                          <taxonRankName>Order</taxonRankName>
                        <taxonRankValue>Anura</taxonRankValue>
                    </taxonomicClassification>
                    <taxonomicClassification>
                          <taxonRankName>Genus</taxonRankName>
                        <taxonRankValue>Boana</taxonRankValue>
                    </taxonomicClassification>
                    <taxonomicClassification>
                          <taxonRankName>Genus</taxonRankName>
                        <taxonRankValue>Bolitoglossa</taxonRankValue>
                    </taxonomicClassification>
                    <taxonomicClassification>
                          <taxonRankName>Family</taxonRankName>
                        <taxonRankValue>Bufonidae</taxonRankValue>
                    </taxonomicClassification>
                    <taxonomicClassification>
                          <taxonRankName>Order</taxonRankName>
                        <taxonRankValue>Caudata</taxonRankValue>
                    </taxonomicClassification>
                    <taxonomicClassification>
                          <taxonRankName>Family</taxonRankName>
                        <taxonRankValue>Centrolenidae</taxonRankValue>
                    </taxonomicClassification>
                    <taxonomicClassification>
                          <taxonRankName>Family</taxonRankName>
                        <taxonRankValue>Craugastoridae</taxonRankValue>
                    </taxonomicClassification>
                    <taxonomicClassification>
                          <taxonRankName>Genus</taxonRankName>
                        <taxonRankValue>Dendropsophus</taxonRankValue>
                    </taxonomicClassification>
                    <taxonomicClassification>
                          <taxonRankName>Genus</taxonRankName>
                        <taxonRankValue>Hyloscirtus</taxonRankValue>
                    </taxonomicClassification>
                    <taxonomicClassification>
                          <taxonRankName>Family</taxonRankName>
                        <taxonRankValue>Plethodontidae</taxonRankValue>
                    </taxonomicClassification>
                    <taxonomicClassification>
                          <taxonRankName>Genus</taxonRankName>
                        <taxonRankValue>Pristimantis</taxonRankValue>
                    </taxonomicClassification>
              </taxonomicCoverage>
      </coverage>
      <maintenance>
          <description>
              <para></para>
          </description>
          <maintenanceUpdateFrequency>unkown</maintenanceUpdateFrequency>
      </maintenance>
      <contact>
    <individualName>
<givenName>Paul David Alfonso</givenName>          <surName>Gutiérrez Cárdenas</surName>
    </individualName>
<organizationName>Universidad De Caldas</organizationName><positionName>Curador y Profesor</positionName>    <address>
<deliveryPoint>Calle 65 No. 26-10</deliveryPoint><city>Manizales</city><administrativeArea>Caldas</administrativeArea><postalCode>170000</postalCode><country>COLOMBIA</country>    </address>
<phone>3217645192</phone><electronicMailAddress>paul.gutierrez@ucaldas.edu.co</electronicMailAddress><onlineUrl>https://www.ucaldas.edu.co/portal/tag/coleccion-de-historia-natural/</onlineUrl>      <userId directory="http://orcid.org/">0000-0001-8219-0108</userId>
      </contact>
      <methods>
            <methodStep>
                <description>
                    <para>Posterior a la colecta:

1) Se reciben los especímenes con los datos asociados (identificación taxonómica, localidad, fecha de colecta, método de colecta y permisos de investigación).
2) Corroboración de identificación taxonómica
3) Ingreso a las bases de datos
4) Almacenamiento de los especímenes dentro de la colección.</para>
                </description>
            </methodStep>
            <sampling>
                <studyExtent>
                    <description>
                        <para>La colección de anfibios cuenta con ejemplares distribuidos a nivel nacional, especialmente de la zona Andina, departamentos de Antioquia, Boyacá, Caldas, Quindío, Risaralda y Valle del Cauca.</para>
                    </description>
                </studyExtent>
                <samplingDescription>
                    <para>Colecta manual en transectos, parcelas y colectas incidentales.</para>
                </samplingDescription>
            </sampling>
            <qualityControl>
                <description>
                    <para>Previo a la entrega de los especímenes al Museo de Historia Natural de la Universidad de Caldas, los investigadores y colectores han identificado el material hasta el mínimo nivel taxonómico posible, con la ayuda de claves taxonómicas, guías de campo, descripciones originales y corroboración con expertos. 

En el museo el curador y sus colaboradores corroboran la información, corrigen los datos pertinentes, para finalmente ser catalogados y preservados.

Ajuste de vocabularios controlados en:
Elementos de registros:collectionID;
Elementos de taxonomía: scientificName, se documentan autorías en el elemento scientificNameAuthorship.</para>
                </description>
            </qualityControl>
      </methods>

</dataset>

<additionalMetadata>
    <metadata>
      <gbif>
        <dateStamp>2022-02-23T05:24:37Z</dateStamp>
      <citation identifier="https://doi.org/10.15472/ssi098">Gutiérrez Cárdenas P D A, Ramírez Castaño V A, Serna Botero V, Moreno Mena C A, Caicedo Martínez L S, Santana Londoño J A (2021). Museo de Historia Natural Universidad de Caldas - Colección de Vertebrados e Invertebrados - Anfibios. Version 1.3. Universidad de Caldas. Occurrence dataset https://doi.org/10.15472/ssi098 accessed via GBIF.org on 2022-02-23.</citation>
              <resourceLogoUrl>https://statics.sibcolombia.net/sib-resources/images/logos-socios/500px/ucaldas.jpg</resourceLogoUrl>
              <collection>
                <parentCollectionIdentifier>MHN-UCa</parentCollectionIdentifier>
                <collectionIdentifier>Registro Nacional de Colecciones Biológicas: 86</collectionIdentifier>
                <collectionName>Colección de Vertebrados e Invertebrados del Museo de Historia Natural de la Universidad de Caldas</collectionName>
              </collection>
                <specimenPreservationMethod>ALCOHOL</specimenPreservationMethod>
                  <jgtiCuratorialUnit>
                      <jgtiUnitType>individuos</jgtiUnitType>
                      <jgtiUnitRange>
                          <beginRange>1</beginRange>
                          <endRange>911</endRange>
                      </jgtiUnitRange>
                  </jgtiCuratorialUnit>
      </gbif>
    </metadata>
</additionalMetadata>

</eml:eml>
