<?xml version="1.0" encoding="utf-8"?>
<eml:eml xmlns:eml="eml://ecoinformatics.org/eml-2.1.1" xmlns:xsi="http://www.w3.org/2001/XMLSchema-instance"
         xsi:schemaLocation="eml://ecoinformatics.org/eml-2.1.1 http://rs.gbif.org/schema/eml-gbif-profile/1.1/eml.xsd"
        packageId="7e358b5a-bddb-4f8d-992a-09886d6ca3ef"  system="http://gbif.org" scope="system"
  xml:lang="en">

<dataset>
      <alternateIdentifier>10.15468/jd2c7e</alternateIdentifier>
        <alternateIdentifier>7e358b5a-bddb-4f8d-992a-09886d6ca3ef</alternateIdentifier>
        <alternateIdentifier>https://collections.ala.org.au/public/show/dr14002</alternateIdentifier>
        <alternateIdentifier>9293c64f-9f70-376d-9029-67c960aa6353</alternateIdentifier>
    <title>Northern Territory WildWatch</title>
    <creator>
<organizationName>BioCollect</organizationName>    </creator>
    <metadataProvider>
<organizationName>BioCollect</organizationName>    </metadataProvider>
    <associatedParty>
<organizationName>Atlas of Living Australia</organizationName>    <address>
<deliveryPoint>CSIRO Ecosystems Services</deliveryPoint><city>Canberra</city><administrativeArea>ACT</administrativeArea><postalCode>2601</postalCode><country>AUSTRALIA</country>    </address>
    <role>DISTRIBUTOR</role>
    </associatedParty>
      <pubDate>
      2021-10-06
      </pubDate>
    <language>ENGLISH</language>
    <abstract>
        <para>All sighting records will be entered into the NT Fauna Atlas. Fauna Atlas records can be accessed via NR Maps and the Atlas of Living Australia. Personal datasets of fauna observation can also be submitted to the Fauna Atlas by email.</para>
    </abstract>
      <intellectualRights>
        <para>This work is licensed under a <ulink url="http://creativecommons.org/licenses/by-nc/4.0/legalcode"><citetitle>Creative Commons Attribution Non Commercial (CC-BY-NC) 4.0 License</citetitle></ulink>.</para>
      </intellectualRights>
      <distribution scope="document">
          <online>
              <url function="information">https://collections.ala.org.au/public/show/dr14002</url>
          </online>
      </distribution>
      <contact>
<organizationName>Atlas of Living Australia</organizationName>    <address>
<deliveryPoint>CSIRO Ecosystems Services</deliveryPoint><city>Canberra</city><administrativeArea>ACT</administrativeArea><postalCode>2601</postalCode><country>AUSTRALIA</country>    </address>
      </contact>
      <methods>
            <methodStep>
                <description>
                    <para>Incidental Fauna Observations method:
opportunistic
Opportunistic/ad-hoc observation recording</para>
                </description>
            </methodStep>
            <qualityControl>
                <description>
                    <para>Incidental Fauna Observations data quality description:
Data quality assurance methods: nodqmethodsused</para>
                </description>
            </qualityControl>
      </methods>

</dataset>

<additionalMetadata>
    <metadata>
      <gbif>
        <dateStamp>2022-02-23T05:24:36Z</dateStamp>
      <citation>Northern Territory Govenment (2021). Northern Territory WildWatch. Occurrence dataset https://doi.org/10.15468/jd2c7e accessed via GBIF.org on 2022-02-23.</citation>
              <resourceLogoUrl>https://collections.ala.org.au/data/dataProvider/bc-brandmark-final_logo-stackedfc.png</resourceLogoUrl>
      </gbif>
    </metadata>
</additionalMetadata>

</eml:eml>
