<?xml version="1.0" encoding="utf-8"?>
<eml:eml xmlns:eml="eml://ecoinformatics.org/eml-2.1.1" xmlns:xsi="http://www.w3.org/2001/XMLSchema-instance"
         xsi:schemaLocation="eml://ecoinformatics.org/eml-2.1.1 http://rs.gbif.org/schema/eml-gbif-profile/1.1/eml.xsd"
        packageId="a3fbbbf6-01ce-45f5-8cba-2a285af48200"  system="http://gbif.org" scope="system"
  xml:lang="en">

<dataset>
      <alternateIdentifier>10.15468/ijbzmv</alternateIdentifier>
        <alternateIdentifier>https://collections.ala.org.au/public/show/dr1888</alternateIdentifier>
        <alternateIdentifier>93c99da8-5cfe-3dff-a29e-159d4954df06</alternateIdentifier>
        <alternateIdentifier>http://collections.ala.org.au/public/show/dr1888</alternateIdentifier>
        <alternateIdentifier>a3fbbbf6-01ce-45f5-8cba-2a285af48200</alternateIdentifier>
        <alternateIdentifier>a51c307e-6c8b-3924-b826-1117c18c6de3</alternateIdentifier>
        <alternateIdentifier>a9e39aae-d6c8-3c62-aff6-dff6fab07809</alternateIdentifier>
    <title>City of Sydney Council Fauna Sightings</title>
    <creator>
<organizationName>City of Sydney Council Fauna Sightings</organizationName>    </creator>
    <metadataProvider>
<organizationName>City of Sydney Council Fauna Sightings</organizationName>    </metadataProvider>
    <associatedParty>
<organizationName>Atlas of Living Australia</organizationName>    <address>
<deliveryPoint>CSIRO Ecosystems Services</deliveryPoint><city>Canberra</city><administrativeArea>ACT</administrativeArea><postalCode>2601</postalCode><country>AUSTRALIA</country>    </address>
    <role>DISTRIBUTOR</role>
    </associatedParty>
      <pubDate>
      2019-09-26
      </pubDate>
    <language>ENGLISH</language>
    <abstract>
        <para>Fauna sightings collected by the City of Sydney Council. Community and staff sightings reported using the City’s online fauna database (https://coswmt.wufoo.eu/forms/report-sightings-of-uncommon-native-animals/) and sent to ATLAS.</para>
    </abstract>
      <intellectualRights>
        <para>This work is licensed under a <ulink url="http://creativecommons.org/licenses/by/4.0/legalcode"><citetitle>Creative Commons Attribution (CC-BY) 4.0 License</citetitle></ulink>.</para>
      </intellectualRights>
      <distribution scope="document">
          <online>
              <url function="information">https://collections.ala.org.au/public/show/dr1888</url>
          </online>
      </distribution>
      <contact>
<organizationName>Atlas of Living Australia</organizationName>    <address>
<deliveryPoint>CSIRO Ecosystems Services</deliveryPoint><city>Canberra</city><administrativeArea>ACT</administrativeArea><postalCode>2601</postalCode><country>AUSTRALIA</country>    </address>
      </contact>
      <methods>
      </methods>

</dataset>

<additionalMetadata>
    <metadata>
      <gbif>
        <dateStamp>2022-02-23T05:24:35Z</dateStamp>
      <citation>Atlas of Living Australia (2019). City of Sydney Council Fauna Sightings. Occurrence dataset https://doi.org/10.15468/ijbzmv accessed via GBIF.org on 2022-02-23.</citation>
      </gbif>
    </metadata>
</additionalMetadata>

</eml:eml>
