<?xml version="1.0" encoding="utf-8"?>
<eml:eml xmlns:eml="eml://ecoinformatics.org/eml-2.1.1" xmlns:xsi="http://www.w3.org/2001/XMLSchema-instance"
         xsi:schemaLocation="eml://ecoinformatics.org/eml-2.1.1 http://rs.gbif.org/schema/eml-gbif-profile/1.1/eml.xsd"
        packageId="dcce70f7-06be-4de3-aed1-d811343566ea"  system="http://gbif.org" scope="system"
  xml:lang="en">

<dataset>
      <alternateIdentifier>10.15468/pxqupc</alternateIdentifier>
        <alternateIdentifier>https://collections.ala.org.au/public/show/dr2592</alternateIdentifier>
        <alternateIdentifier>d662177e-6b5a-3769-9387-821b0b374271</alternateIdentifier>
        <alternateIdentifier>http://collections.ala.org.au/public/show/dr2592</alternateIdentifier>
        <alternateIdentifier>dcce70f7-06be-4de3-aed1-d811343566ea</alternateIdentifier>
        <alternateIdentifier>fc759f0b-1a6f-3630-ae12-013c8ce8e5e5</alternateIdentifier>
        <alternateIdentifier>533c3319-3e9c-35be-b7de-2d6bd7c3a4ec</alternateIdentifier>
    <title>Logan City Council Species Sightings</title>
    <creator>
<organizationName>Logan City Council Species Sightings</organizationName>    </creator>
    <metadataProvider>
<organizationName>Logan City Council Species Sightings</organizationName>    </metadataProvider>
    <associatedParty>
<organizationName>Atlas of Living Australia</organizationName>    <address>
<deliveryPoint>CSIRO Ecosystems Services</deliveryPoint><city>Canberra</city><administrativeArea>ACT</administrativeArea><postalCode>2601</postalCode><country>AUSTRALIA</country>    </address>
    <role>DISTRIBUTOR</role>
    </associatedParty>
      <pubDate>
      2019-09-26
      </pubDate>
    <language>ENGLISH</language>
    <abstract>
        <para>The Logan City Council species sightings data is collected from community sightings as well as expert surveys.  All sightings are vetted, however Council resumes no responsibility for any errors within the data. All data logged is within the Logan City Council boundary.
To contributed the Logan City council species sightings data, please go to http://www.logan.qld.gov.au/wildlifesightings</para>
    </abstract>
      <intellectualRights>
        <para>This work is licensed under a <ulink url="http://creativecommons.org/licenses/by/4.0/legalcode"><citetitle>Creative Commons Attribution (CC-BY) 4.0 License</citetitle></ulink>.</para>
      </intellectualRights>
      <distribution scope="document">
          <online>
              <url function="information">https://collections.ala.org.au/public/show/dr2592</url>
          </online>
      </distribution>
      <contact>
<organizationName>Atlas of Living Australia</organizationName>    <address>
<deliveryPoint>CSIRO Ecosystems Services</deliveryPoint><city>Canberra</city><administrativeArea>ACT</administrativeArea><postalCode>2601</postalCode><country>AUSTRALIA</country>    </address>
      </contact>
      <methods>
      </methods>

</dataset>

<additionalMetadata>
    <metadata>
      <gbif>
        <dateStamp>2022-02-23T05:24:36Z</dateStamp>
      <citation>Atlas of Living Australia (2019). Logan City Council Species Sightings. Occurrence dataset https://doi.org/10.15468/pxqupc accessed via GBIF.org on 2022-02-23.</citation>
      </gbif>
    </metadata>
</additionalMetadata>

</eml:eml>
