<?xml version="1.0" encoding="utf-8"?>
<eml:eml xmlns:eml="eml://ecoinformatics.org/eml-2.1.1" xmlns:xsi="http://www.w3.org/2001/XMLSchema-instance"
         xsi:schemaLocation="eml://ecoinformatics.org/eml-2.1.1 http://rs.gbif.org/schema/eml-gbif-profile/1.1/eml.xsd"
        packageId="e671c044-762c-4db2-bbba-07175f5f3c10"  system="http://gbif.org" scope="system"
  xml:lang="en">

<dataset>
      <alternateIdentifier>10.15468/croedo</alternateIdentifier>
        <alternateIdentifier>https://collections.ala.org.au/public/show/dr5475</alternateIdentifier>
        <alternateIdentifier>b8f061f5-4f3a-3414-84ba-ef534a3f6877</alternateIdentifier>
        <alternateIdentifier>http://collections.ala.org.au/public/show/dr5475</alternateIdentifier>
        <alternateIdentifier>e671c044-762c-4db2-bbba-07175f5f3c10</alternateIdentifier>
        <alternateIdentifier>63340ae2-c9b4-3e5c-bb23-8328cedc260e</alternateIdentifier>
        <alternateIdentifier>940d7a20-b028-3ac2-86ee-cf4fd1e017d3</alternateIdentifier>
    <title>Macquarie University Biodiversity and Conservation Student Observations</title>
    <creator>
<organizationName>Macquarie University Biodiversity and Conservation Student Observations</organizationName>    </creator>
    <creator>
<organizationName>Macquarie University</organizationName>    </creator>
    <metadataProvider>
<organizationName>Macquarie University Biodiversity and Conservation Student Observations</organizationName>    </metadataProvider>
    <associatedParty>
<organizationName>Atlas of Living Australia</organizationName>    <address>
<deliveryPoint>CSIRO Ecosystems Services</deliveryPoint><city>Canberra</city><administrativeArea>ACT</administrativeArea><postalCode>2601</postalCode><country>AUSTRALIA</country>    </address>
    <role>DISTRIBUTOR</role>
    </associatedParty>
      <pubDate>
      2019-09-26
      </pubDate>
    <language>ENGLISH</language>
    <abstract>
        <para>Observations recorded by students studying the BIOL349 Biodiversity and Conservation course at Macquarie University</para>
    </abstract>
      <intellectualRights>
        <para>This work is licensed under a <ulink url="http://creativecommons.org/licenses/by/4.0/legalcode"><citetitle>Creative Commons Attribution (CC-BY) 4.0 License</citetitle></ulink>.</para>
      </intellectualRights>
      <distribution scope="document">
          <online>
              <url function="information">https://collections.ala.org.au/public/show/dr5475</url>
          </online>
      </distribution>
      <contact>
<organizationName>Atlas of Living Australia</organizationName>    <address>
<deliveryPoint>CSIRO Ecosystems Services</deliveryPoint><city>Canberra</city><administrativeArea>ACT</administrativeArea><postalCode>2601</postalCode><country>AUSTRALIA</country>    </address>
      </contact>
      <methods>
      </methods>

</dataset>

<additionalMetadata>
    <metadata>
      <gbif>
        <dateStamp>2022-02-23T05:24:36Z</dateStamp>
      <citation>Macquarie University (2019). Macquarie University Biodiversity and Conservation Student Observations. Occurrence dataset https://doi.org/10.15468/croedo accessed via GBIF.org on 2022-02-23.</citation>
              <resourceLogoUrl>https://collections.ala.org.au/data/dataResource/MQ_INT_VER_RGB_POS.png</resourceLogoUrl>
      </gbif>
    </metadata>
</additionalMetadata>

</eml:eml>
